{
    "nte_builtin_concrete_sleeper": {
        "name": "rail.mtrsteamloco.builtin_concrete_sleeper",
        "model": "mtrsteamloco:models/rail.obj",
        "repeatInterval": 0.5
    },
    "nte_builtin_depot": {
        "name": "rail.mtrsteamloco.builtin_depot",
        "model": "mtrsteamloco:models/rail_siding.obj",
        "repeatInterval": 0.5
    },
    "nte_11435mm_style2": {
            "name": "1435mm_高速有砟轨道",
            "model": "mtrsteamloco:models/rail3.obj",
            "repeatInterval": 0.5
   
     },
     "nte_11435mm_style3": {
        "name": "1435mm_高速CRTSIII型无砟轨道",
        "model": "mtrsteamloco:models/rail2.obj",
        "repeatInterval": 0.5

     },
     "nte_11435mm_style4": {
        "name": "1435mm_普速有砟轨道",
        "model": "mtrsteamloco:models/rail4.obj",
        "repeatInterval": 0.5

     },
    "nte_11435mm_style5": {
       "name": "1435mm_普速有砟轨道（护轨版本）",
       "model": "mtrsteamloco:models/rail5.obj",
       "repeatInterval": 0.5

    },
    "nte_11435mm_style6": {
       "name": "1435mm_火车站站台轨道",
       "model": "mtrsteamloco:models/rail6.obj",
       "repeatInterval": 0.5

    }
}